<?xml version="1.0" encoding="UTF-8"?>
<keywords>
   <keywords>
      <text FeatureID="-1">Mail for Exchange</text>
      <target FeatureID="-1" href="FSE_HLP_MFE_LAUNCHER_MAIN_VIEW.html">Mail for Exchange mail</target>
   </keywords>
   <keywords>
      <text FeatureID="-1">advanced mailbox settings</text>
      <target FeatureID="-1" href="FSE_HLP_MFE_SETTINGS_ADVANCED.html">Advanced settings for mailbox</target>
   </keywords>
   <keywords>
      <text FeatureID="-1">e-mail synchronisation settings</text>
      <target FeatureID="-1" href="FSE_HLP_MFE_SETTINGS_PIM_APPS.html">Application synchronisation settings</target>
   </keywords>
   <keywords>
      <text FeatureID="-1">calendar synchronisation</text>
      <target FeatureID="-1" href="FSE_HLP_MFE_CALENDAR_APP.html">Calendar synchronisation settings</target>
   </keywords>
   <keywords>
      <text FeatureID="-1">contacts synchronisation,</text>
      <target FeatureID="-1" href="FSE_HLP_MFE_CONTACTS_APP.html">Contacts synchronisation settings</target>
   </keywords>
   <keywords>
      <text FeatureID="-1">mailbox settings</text>
      <target FeatureID="-1" href="FSE_HLP_MFE_SETTINGS_MAILBOX.html">General mailbox settings</target>
   </keywords>
   <keywords>
      <text FeatureID="-1">e-mail synchronisation content</text>
      <target FeatureID="-1" href="FSE_HLP_MFE_SETTINGS_WHAT_SYNC.html">Choose sync content</target>
   </keywords>
   <keywords>
      <text FeatureID="-1">e-mail synchronisation time</text>
      <target FeatureID="-1" href="FSE_HLP_MFE_SETTINGS_WHEN_SYNC.html">Choose sync time</target>
   </keywords>
   <keywords>
      <text FeatureID="-1">e-mail folder synchronisation</text>
      <target FeatureID="-1" href="FSE_HLP_MFE_SETTINGS_FOLDER.html">Settings for synchronisation</target>
   </keywords>
   <keywords>
      <text FeatureID="-1">e-mail settings</text>
      <target FeatureID="-1" href="FSE_HLP_MFE_SETTINGS_MAIN_VIEW.html">Settings for e-mail</target>
   </keywords>
   <keywords>
      <text FeatureID="-1">to-do entry synchronisation</text>
      <target FeatureID="-1" href="FSE_HLP_MFE_TASKS_APP.html">To-do synchronisation settings</target>
   </keywords>
</keywords>